{"A. Wegmann": "Alain Wegmann", "David Portabella Clotet": "David Portabella Clotet", "Dr C. Vanoirbeek": "Christine Vanoirbeek", "Dr. A. Scholefield": "Adam James Scholefield", "Dr. C. Faller": "Christof Faller", "Dr. M. Kolundzija": "Mihailo Kolundzija", "Dr. Mirjana Stojilovic": "Mirjana Stojilovic", "Dr. O. Papapetrou": "Odysseas Papapetrou", "Dr. O. Verscheure": "Olivier Verscheure", "Kyuhwa Lee": "Kyuhwa Lee", "M. Salzmann": "Mathieu Salzmann", "MER F. Fleuret": "Fran\u00e7ois Fleuret", "MER P. Pu Faltings": "Pearl Pu Faltings", "MER R. Boulic": "Ronan Boulic", "N. Macris": "Nicolas Macris", "O. L\u00e9v\u00eaque": "Olivier L\u00e9v\u00eaque", "Prof. A. Ailamaki": "Anastasia Ailamaki", "Prof. A. Alahi": "Alexandre Alahi", "Prof. A. Burg": "Andreas Peter Burg", "Prof. A. Ijspeert": "Auke Ijspeert", "Prof. A. Lenstra": "Arjen Lenstra", "Prof. A. Martinoli": "Alcherio Martinoli", "Prof. A. Shokrollahi": "Amin Shokrollahi", "Prof. B. Falsafi": "Babak Falsafi", "Prof. B. Faltings": "Boi Faltings", "Prof. B. Ford": "Bryan Alexander Ford", "Prof. B. Rimoldi": "Bixio Rimoldi", "Prof. Ch. Koch": "Christoph Koch", "Prof. D. Floreano": "Dario Floreano", "Prof. D. Gatica-Perez": "Daniel Gatica-Perez", "Prof. D. Van de Ville": "Dimitri Van De Ville", "Prof. E. Bugnion": "Edouard Bugnion", "Prof. E. Telatar": "Emre Telatar", "Prof. F. Eisenbrand": "Friedrich Eisenbrand", "Prof. F. Kaplan": "Fr\u00e9d\u00e9ric Kaplan", "Prof. G. Candea": "George Candea", "Prof. G. De Micheli": "Giovanni De Micheli", "Prof. H. Bourlard": "Herv\u00e9 Bourlard", "Prof. J-P. Thiran": "Jean-Philippe Thiran", "Prof. J-Y. Le Boudec": "Jean-Yves Le Boudec", "Prof. J. Huang": "Jeffrey Huang", "Prof. J. Larus": "James Larus", "Prof. J.-P. Hubaux": "Jean-Pierre Hubaux", "Prof. K. Aberer": "Karl Aberer", "Prof. K. Aminian": "Kamiar Aminian", "Prof. K. Argyraki": "Katerina Argyraki", "Prof. M. Bierlaire": "Michel Bierlaire", "Prof. M. Gastpar": "Michael C. Gastpar", "Prof. M. Gijs": "Martinus Gijs", "Prof. M. Grossglauser": "Matthias Grossglauser", "Prof. M. Jaggi": "Martin Jaggi", "Prof. M. Kapralov": "Mikhail Kapralov", "Prof. M. Odersky": "Martin Odersky", "Prof. M. Pauly": "Mark Pauly", "Prof. M. Rajman": "Martin Rajman", "Prof. M. Salath\u00e9": "Marcel Salath\u00e9", "Prof. M. Unser": "Micha\u00ebl Unser", "Prof. N. Vishnoi": "Nisheeth Vishnoi", "Prof. O. N. A. Svensson": "Ola Nils Anders Svensson", "Prof. P. Dillenbourg": "Pierre Dillenbourg", "Prof. P. Frossard": "Pascal Frossard", "Prof. P. Fua": "Pascal Fua", "Prof. P. Thiran": "Patrick Thiran", "Prof. P. Vandergheynst": "Pierre Vandergheynst", "Prof. Pavan Ramdya": "Pavan P Ramdya", "Prof. R. Guerraoui": "Rachid Guerraoui", "Prof. R. Urbanke": "R\u00fcdiger Urbanke", "Prof. R. West": "Robert West", "Prof. S. Vaudenay": "Serge Vaudenay", "Prof. Sabine S\u00fcsstrunk": "Sabine S\u00fcsstrunk", "Prof. T. Ebrahimi": "Touradj Ebrahimi", "Prof. V. Kuncak": "Viktor Kuncak", "Prof. Volkan Cevher": "Volkan Cevher", "Prof. W. Gerstner": "Wulfram Gerstner", "Prof. W. Jakob": "Wenzel Jakob", "Prof. W. Zwaenepoel": "Willy Zwaenepoel", "Prof. Y. Leblebici": "Yusuf Leblebici", "Profs J.-D. Decotignie": "Jean-Dominique Decotignie", "Profs P. Ienne": "Paolo Ienne", "R. Beuchat": "Ren\u00e9 Beuchat", "MER B. Dutoit": "Bertrand Dutoit", "MER J.-M. Odobez": "Jean-Marc Odobez", "Dr. M. Cornaglia": "Matteo Cornaglia"}